{
  "put-0" : {
    "transaction" : "put-0",
    "sampleCount" : 11,
    "errorCount" : 0,
    "errorPct" : 0.0,
    "meanResTime" : 0.2727272727272727,
    "medianResTime" : 0.0,
    "minResTime" : 0.0,
    "maxResTime" : 1.0,
    "pct1ResTime" : 1.0,
    "pct2ResTime" : 1.0,
    "pct3ResTime" : 1.0,
    "throughput" : 2.5304807913503566,
    "receivedKBytesPerSec" : 2.392319775132275,
    "sentKBytesPerSec" : 0.0
  },
  "post" : {
    "transaction" : "post",
    "sampleCount" : 25,
    "errorCount" : 4,
    "errorPct" : 16.0,
    "meanResTime" : 3707.2400000000002,
    "medianResTime" : 515.0,
    "minResTime" : 0.0,
    "maxResTime" : 41821.0,
    "pct1ResTime" : 17080.200000000084,
    "pct2ResTime" : 41674.9,
    "pct3ResTime" : 41821.0,
    "throughput" : 7.18619771724968E-4,
    "receivedKBytesPerSec" : 7.799831631699204E-4,
    "sentKBytesPerSec" : 1.6387899325509233E-4
  },
  "HTTP请求" : {
    "transaction" : "HTTP请求",
    "sampleCount" : 82,
    "errorCount" : 9,
    "errorPct" : 10.97561,
    "meanResTime" : 6.987804878048783,
    "medianResTime" : 6.0,
    "minResTime" : 0.0,
    "maxResTime" : 30.0,
    "pct1ResTime" : 17.700000000000003,
    "pct2ResTime" : 21.549999999999983,
    "pct3ResTime" : 30.0,
    "throughput" : 9.363343030445287E-4,
    "receivedKBytesPerSec" : 4.245329560214398E-4,
    "sentKBytesPerSec" : 1.408493542987262E-4
  },
  "Total" : {
    "transaction" : "Total",
    "sampleCount" : 322,
    "errorCount" : 16,
    "errorPct" : 4.968944,
    "meanResTime" : 445.6956521739134,
    "medianResTime" : 254.0,
    "minResTime" : 0.0,
    "maxResTime" : 41821.0,
    "pct1ResTime" : 426.39999999999975,
    "pct2ResTime" : 536.8499999999999,
    "pct3ResTime" : 1824.679999999993,
    "throughput" : 0.001243839681179013,
    "receivedKBytesPerSec" : 7.79697143898028E-4,
    "sentKBytesPerSec" : 1.6933569320301797E-4
  },
  "get" : {
    "transaction" : "get",
    "sampleCount" : 7,
    "errorCount" : 0,
    "errorPct" : 0.0,
    "meanResTime" : 567.8571428571429,
    "medianResTime" : 537.0,
    "minResTime" : 515.0,
    "maxResTime" : 770.0,
    "pct1ResTime" : 770.0,
    "pct2ResTime" : 770.0,
    "pct3ResTime" : 770.0,
    "throughput" : 0.025059247220213503,
    "receivedKBytesPerSec" : 0.012994590111263056,
    "sentKBytesPerSec" : 0.0036218443247964826
  },
  "调试取样器" : {
    "transaction" : "调试取样器",
    "sampleCount" : 42,
    "errorCount" : 0,
    "errorPct" : 0.0,
    "meanResTime" : 0.2142857142857143,
    "medianResTime" : 0.0,
    "minResTime" : 0.0,
    "maxResTime" : 2.0,
    "pct1ResTime" : 1.0,
    "pct2ResTime" : 1.8500000000000014,
    "pct3ResTime" : 2.0,
    "throughput" : 1.622402868111603E-4,
    "receivedKBytesPerSec" : 5.322754945371725E-5,
    "sentKBytesPerSec" : 0.0
  },
  "put" : {
    "transaction" : "put",
    "sampleCount" : 155,
    "errorCount" : 3,
    "errorPct" : 1.9354838,
    "meanResTime" : 298.5354838709676,
    "medianResTime" : 260.0,
    "minResTime" : 0.0,
    "maxResTime" : 1913.0,
    "pct1ResTime" : 353.60000000000014,
    "pct2ResTime" : 523.5999999999999,
    "pct3ResTime" : 1697.9599999999991,
    "throughput" : 0.08942066944351498,
    "receivedKBytesPerSec" : 0.06329982822577854,
    "sentKBytesPerSec" : 0.01430099718469118
  }
}